,sec_id,sec_isin,sec_type,sec_name,iid,security_mnemonic,standard_settlement_period,price_unit,security_subtype,margin_class_code,basket_isin,currency,_id,symbol,yahoo,google,isin,DAX,MDAX,AEX,CAC 40,FTSE 100
0,ADS,DE000A1EWWW0,STOCK,ADIDAS AG,1647,ADS,2,ABSOLUTE,EQUITY,ADS2,False,EUR,adidas AG,ADS,ADS.F,FRA:ADS,DE000A1EWWW0,1,0,0,0,0
1,ALV,DE0008404005,STOCK,ALLIANZ SE,2609,ALV,2,ABSOLUTE,EQUITY,ALV0,False,EUR,Allianz SE,ALV,ALV.F,FRA:ALV,DE0008404005,1,0,0,0,0
2,BAS,DE000BASF111,STOCK,"BASF SE., INHABERAKTIEN O.N.",1879,BAS,2,ABSOLUTE,EQUITY,DE30,False,EUR,BASF SE,BAS,BAS.F,FRA:BAS,DE000BASF111,1,0,0,0,0
3,BAY,DE000BAY0017,STOCK,BAYER AG,2195,BAYN,2,ABSOLUTE,EQUITY,BAYN,False,EUR,Bayer AG,BAYN,BAYN.F,FRA:BAYN,DE000BAY0017,1,0,0,0,0
4,BEI,DE0005200000,STOCK,BEIERSDORF AKTIENGESELLSCHAFT,2291,BEI,2,ABSOLUTE,EQUITY,BEI0,False,EUR,Beiersdorf AG,BEI,BEI.F,FRA:BEI,DE0005200000,1,0,0,0,0
5,BMW,DE0005190003,STOCK,BAYERISCHE MOTOREN WERKE AKTIENGESELLSCHAFT,1465,BMW,2,ABSOLUTE,EQUITY,BMW0,False,EUR,Bayerische Motoren Werke AG,BMW,BMW.F,FRA:BMW,DE0005190003,1,0,0,0,0
6,CON,DE0005439004,STOCK,CONTINENTAL AG,1323,CON,2,ABSOLUTE,EQUITY,CON0,False,EUR,Continental AG,CON,CON.F,FRA:CON,DE0005439004,1,0,0,0,0
7,1COV,DE0006062144,STOCK,COVESTRO AG,9788744,1COV,2,ABSOLUTE,EQUITY,DE7L,False,EUR,Covestro AG,1COV,1COV.F,FRA:1COV,DE0006062144,1,0,0,0,0
8,DBK,DE0005140008,STOCK,DEUTSCHE BANK AKTIENGESELLSCHAFT,2959,DBK,2,ABSOLUTE,EQUITY,DBK0,False,EUR,Deutsche Bank AG,DBK,DBK.F,FRA:DBK,DE0005140008,1,0,0,0,0
9,DB1,DE0005810055,STOCK,DEUTSCHE BOERSE AG,1769,DB1,2,ABSOLUTE,EQUITY,DB10,False,EUR,Deutsche Börse AG,DB1,DB1.F,FRA:DB1,DE0005810055,1,0,0,0,0
10,DPW,DE0005552004,STOCK,DEUTSCHE POST AKTIENGESELLSCHAFT,1237,DPW,2,ABSOLUTE,EQUITY,DPW0,False,EUR,Deutsche Post AG,DPW,DPW.F,FRA:DPW,DE0005552004,1,0,0,0,0
11,DTE,DE0005557508,STOCK,DEUTSCHE TELEKOM AKTIENGESELLSCHAFT,1911,DTE,2,ABSOLUTE,EQUITY,DTE0,False,EUR,Deutsche Telekom AG,DTE,DTE.F,FRA:DTE,DE0005557508,1,0,0,0,0
12,EOA,DE000ENAG999,STOCK,E.ON SE,1721,EOAN,2,ABSOLUTE,EQUITY,EOAN,False,EUR,E.ON SE,EOAN,EOAN.F,FRA:EOAN,DE000ENAG999,1,0,0,0,0
13,FME,DE0005785802,STOCK,FRESENIUS MEDICAL CARE AG & CO. KGAA,2531,FME,2,ABSOLUTE,EQUITY,FME0,False,EUR,Fresenius Medical Care AG & Co. KGaA St,FME,FME.F,FRA:FME,DE0005785802,1,0,0,0,0
14,FRE,DE0005785604,STOCK,FRESENIUS SE & CO. KGAA,2173,FRE,2,ABSOLUTE,EQUITY,FRE0,False,EUR,Fresenius SE & Co. KGaA,FRE,FRE.F,FRA:FRE,DE0005785604,1,0,0,0,0
15,HEI,DE0006047004,STOCK,HEIDELBERGCEMENT,1403,HEI,2,ABSOLUTE,EQUITY,HEI0,False,EUR,HeidelbergCement AG,HEI,HEI.F,FRA:HEI,DE0006047004,1,0,0,0,0
16,HEN,DE0006048408,STOCK,HENKEL AG & CO. KGAA STAMMAKTIEN,2205,HEN,2,ABSOLUTE,EQUITY,HEN0,False,EUR,Henkel AG & Co. KGaA Vz,HEN3,HEN3.F,FRA:HEN3,DE0006048408,1,0,0,0,0
17,IFX,DE0006231004,STOCK,INFINEON AG,801,IFX,2,ABSOLUTE,EQUITY,IFX0,False,EUR,Infineon Technologies AG,IFX,IFX.F,FRA:IFX,DE0006231004,1,0,0,0,0
18,LIN,IE00BZ12WP82,STOCK,LINDE PLC,25046079,,2,ABSOLUTE,EQUITY,L6N0,False,EUR,Linde PLC,LIN,LIN.F,FRA:LIN,IE00BZ12WP82,1,0,0,0,0
19,MRK,DE0006599905,STOCK,MERCK KGAA,481,MRK,2,ABSOLUTE,EQUITY,MRK0,False,EUR,MERCK Kommanditgesellschaft auf Aktien,MRK,MRK.F,FRA:MRK,DE0006599905,1,0,0,0,0
20,MUV2,DE0008430026,STOCK,MUENCHENER RUECKVERSICHERUNGS-GESELLSCHAFT AG VNA,2533,MUV2,2,ABSOLUTE,EQUITY,MUV0,False,EUR,Münchener Rückversicherungs-Gesellschaft AG,MUV2,MUV2.F,FRA:MUV2,DE0008430026,1,0,0,0,0
21,RWE,DE0007037129,STOCK,RWE AKTIENGESELLSCHAFT - ST -,1891,RWE,2,ABSOLUTE,EQUITY,RWE0,False,EUR,RWE AG,RWE,RWE.F,FRA:RWE,DE0007037129,1,0,0,0,0
22,SAP,DE0007164600,STOCK,SAP SE,1261,SAP,2,ABSOLUTE,EQUITY,SAP0,False,EUR,SAP SE,SAP,SAP.F,FRA:SAP,DE0007164600,1,0,0,0,0
23,SIE,DE0007236101,STOCK,SIEMENS AG,1985,SIE,2,ABSOLUTE,EQUITY,SIE0,False,EUR,Siemens AG,SIE,SIE.F,FRA:SIE,DE0007236101,1,0,0,0,0
24,VOW,DE0007664005,STOCK,VOLKSWAGEN AKTIENGESELLSCHAFT -STAEMME-,633,VOW,2,ABSOLUTE,EQUITY,VOW0,False,EUR,Volkswagen AG,VOW3,VOW3.F,FRA:VOW3,DE0007664005,1,0,0,0,0
25,ANN,DE000A1ML7J1,STOCK,VONOVIA SE,4371527,VNA,2,ABSOLUTE,EQUITY,ANN0,False,EUR,Vonovia SE,VNA,VNA.F,FRA:VNA,DE000A1ML7J1,1,0,0,0,0
26,EAD,NL0000235190,STOCK,AIRBUS SE,1835,AIR,2,ABSOLUTE,EQUITY,EAD0,False,EUR,The Boeing Company,BA,BCO.F,FRA:BCO,NL0000235190,0,0,0,1,0
27,BNR,DE000A1DAHH0,STOCK,BRENNTAG SE NAMENS-AKTIEN O.N.,2929,BNR,2,ABSOLUTE,EQUITY,BNR0,False,EUR,Brenntag AG,BNR,BNR.F,FRA:BNR,DE000A1DAHH0,1,0,0,0,0
28,HNR1,DE0008402215,STOCK,HANNOVER RUECK SE,1745,HNR1,2,ABSOLUTE,EQUITY,HNR0,False,EUR,Hannover Rück SE,HNR1,HNR1.F,FRA:HNR1,DE0008402215,1,0,0,0,0
29,MTX,DE000A0D9PT0,STOCK,MTU AERO ENGINES AG,523,MTX,2,ABSOLUTE,EQUITY,MTX0,False,EUR,MTU Aero Engines AG,MTX,MTX.F,FRA:MTX,DE000A0D9PT0,1,0,0,0,0
30,PUM,DE0006969603,STOCK,PUMA SE INHABER-AKTIEN O.N.,753,PUM,2,ABSOLUTE,EQUITY,PUM0,False,EUR,PUMA SE,PUM,PUM.F,FRA:PUM,DE0006969603,1,0,0,0,0
31,QIA,NL0012169213,STOCK,QIAGEN NV,15170978,QIA,2,ABSOLUTE,EQUITY,NL09,False,EUR,QIAGEN N.V.,QIA,QIA.F,FRA:QIA,NL0012169213,1,0,0,0,0
32,SHH,DE000SHL1006,STOCK,SIEMENS HEALTHINEERS AG       NAMENS-AKTIEN O.N.,21630654,SHL,2,ABSOLUTE,EQUITY,SHL0,False,EUR,Siemens Healthineers AG,SHL,SHL.F,FRA:SHL,DE000SHL1006,1,0,0,0,0
33,SY1,DE000SYM9999,STOCK,"SYMRISE AG, INHABER-AKTIEN O.N.",721,SY1,2,ABSOLUTE,EQUITY,SY10,False,EUR,Symrise AG,SY1,SY1.F,FRA:SY1,DE000SYM9999,1,0,0,0,0
34,ZAL,DE000ZAL1111,STOCK,ZALANDO SE INHABER-AKTIEN O.N.,6191811,ZAL,2,ABSOLUTE,EQUITY,ZAL0,False,EUR,Zalando SE,ZAL,ZAL.F,FRA:ZAL,DE000ZAL1111,1,0,0,0,0
35,ENR,DE000ENER6Y0,STOCK,SIEMENS ENERGY AG             NAMENS-AKTIEN O.N.,41104127,ENR,2,ABSOLUTE,EQUITY,ENR0,False,EUR,Siemens Energy AG,ENR,ENR.F,FRA:ENR,DE000ENER6Y0,1,0,0,0,0
36,POR3,DE000PAH0038,STOCK,PORSCHE AUTOMOBIL HOLDING SE,351,PAH3,2,ABSOLUTE,EQUITY,PAH3,False,EUR,Porsche Automobil Holding SE,PAH3,PAH3.F,FRA:PAH3,DE000PAH0038,1,0,0,0,0
37,DTG,DE000DTR0CK8,STOCK,Daimler Truck Holding AG,49507864,DTG,2,ABSOLUTE,EQUITY,DTG0,False,EUR,Daimler Truck Holding AG,DTG,DTG.F,FRA:DTG,DE000DTR0CK8,1,0,0,0,0
38,DAI,DE0007100000,STOCK,Mercedes-Benz Group AG,147,MBG,2,ABSOLUTE,EQUITY,DCX0,False,EUR,Mercedes-Benz Group AG,MBG,MBG.F,FRA:MBG,DE0007100000,1,0,0,0,0
39,LHA,DE0008232125,STOCK,LUFTHANSA AG -ST-,261,LHA,2,ABSOLUTE,EQUITY,LHA0,False,EUR,Deutsche Lufthansa AG,LHA,LHA.F,FRA:LHA,DE0008232125,0,1,0,0,0
40,TKA,DE0007500001,STOCK,THYSSEN KRUPP AKTIENGESELLSCHAFT,1359,TKA,2,ABSOLUTE,EQUITY,TKA0,False,EUR,thyssenkrupp AG,TKA,TKA.F,FRA:TKA,DE0007500001,0,1,0,0,0
41,AT1,LU1673108939,STOCK,AROUNDTOWN S.A.,27785687,AT1,2,ABSOLUTE,EQUITY,LU01,False,EUR,Aroundtown SA,AT1,AT1.F,FRA:AT1,LU1673108939,0,1,0,0,0
42,NDAF,DE0006766504,STOCK,AURUBIS AG,771,NDA,2,ABSOLUTE,EQUITY,NDA0,False,EUR,Aurubis AG,NDA,NDA.F,FRA:NDA,DE0006766504,0,1,0,0,0
43,BC8,DE0005158703,STOCK,BECHTLE AG INHABER-AKTIEN O.N.,2417,BC8,2,ABSOLUTE,EQUITY,BC80,False,EUR,Bechtle AG,BC8,BC8.F,FRA:BC8,DE0005158703,0,1,0,0,0
44,CBK,DE000CBK1001,STOCK,COMMERZBANK AKTIENGESELLSCHAFT,1895226,CBK,2,ABSOLUTE,EQUITY,DE6Z,False,EUR,Commerzbank AG,CBK,CBK.F,FRA:CBK,DE000CBK1001,0,1,0,0,0
45,EVD,DE0005470306,STOCK,CTS EVENTIM AG & CO. KGAA INH.,9788746,EVD,2,ABSOLUTE,EQUITY,EVD0,False,EUR,CTS Eventim AG & Co. KGaA,EVD,EVD.F,FRA:EVD,DE0005470306,0,1,0,0,0
46,DHE,DE000A2E4K43,STOCK,DELIVERY HERO SE,17249620,DHER,2,ABSOLUTE,EQUITY,DHER,False,EUR,Delivery Hero SE,DHER,DHER.F,FRA:DHER,DE000A2E4K43,0,1,0,0,0
47,DWNI,DE000A0HN5C6,STOCK,DEUTSCHE WOHNEN SE,2729,DWNI,2,ABSOLUTE,EQUITY,DWNI,False,EUR,Deutsche Wohnen SE,DWNI,DWNI.F,FRA:DWNI,DE000A0HN5C6,0,1,0,0,0
48,DUE,DE0005565204,STOCK,DUERR AG,849,DUE,2,ABSOLUTE,EQUITY,DUE0,False,EUR,Dürr AG,DUE,DUE.F,FRA:DUE,DE0005565204,0,1,0,0,0
49,EVK,DE000EVNK013,STOCK,EVONIK INDUSTRIES AG NAMENS-AKTIEN O.N.,2016297,EVK,2,ABSOLUTE,EQUITY,EVK0,False,EUR,Evonik Industries AG,EVK,EVK.F,FRA:EVK,DE000EVNK013,0,1,0,0,0
50,EVT,DE0005664809,STOCK,EVOTEC SE INHABER-AKTIEN O.N.,179,EVT,2,ABSOLUTE,EQUITY,EVT0,False,EUR,Evotec SE,EVT,EVT.F,FRA:EVT,DE0005664809,0,1,0,0,0
51,FRA,DE0005773303,STOCK,FRAPORT AG FRANKFURT AIRPORT SERVICES WORLDWIDE,1533,FRA,2,ABSOLUTE,EQUITY,FRA0,False,EUR,Fraport AG,FRA,FRA.F,FRA:FRA,DE0005773303,0,1,0,0,0
52,FNT,DE000A0Z2ZZ5,STOCK,FREENET AG,2963,FNTN,2,ABSOLUTE,EQUITY,FNTN,False,EUR,freenet AG,FNTN,FNTN.F,FRA:FNTN,DE000A0Z2ZZ5,0,1,0,0,0
53,G1A,DE0006602006,STOCK,GEA GROUP,2893,G1A,2,ABSOLUTE,EQUITY,MGT0,False,EUR,GEA Group AG,G1A,G1A.F,FRA:G1A,DE0006602006,0,1,0,0,0
54,GXI,DE000A0LD6E6,STOCK,"GERRESHEIMER AG, INHABER-AKTIEN O.N",2935,GXI,2,ABSOLUTE,EQUITY,GXI0,False,EUR,Gerresheimer AG,GXI,GXI.F,FRA:GXI,DE000A0LD6E6,0,1,0,0,0
55,BVS,DE000A1PHFF7,STOCK,HUGO BOSS AG,2561,BOSS,2,ABSOLUTE,EQUITY,BOSS,False,EUR,Hugo Boss AG,BOSS,BOSS.F,FRA:BOSS,DE000A1PHFF7,0,1,0,0,0
56,SDF,DE000KSAG888,STOCK,K + S,1581,SDF,2,ABSOLUTE,EQUITY,SDF2,False,EUR,K+S AG,SDF,SDF.F,FRA:SDF,DE000KSAG888,0,1,0,0,0
57,KGX,DE000KGX8881,STOCK,KION GROUP AG INHABER-AKTIEN O.N.,2748865,KGX,2,ABSOLUTE,EQUITY,KGX0,False,EUR,KION GROUP AG,KGX,KGX.F,FRA:KGX,DE000KGX8881,0,1,0,0,0
58,LXS,DE0005470405,STOCK,LANXESS AG,935,LXS,2,ABSOLUTE,EQUITY,LX90,False,EUR,LANXESS AG,LXS,LXS.F,FRA:LXS,DE0005470405,0,1,0,0,0
59,LEG,DE000LEG1110,STOCK,LEG IMMOBILIEN SE NAMENS-AKTIEN O.N.,1965,LEG,2,ABSOLUTE,EQUITY,LEG0,False,EUR,LEG Immobilien AG,LEG,LEG.F,FRA:LEG,DE000LEG1110,0,1,0,0,0
60,NET,DE0006452907,STOCK,NEMETSCHEK SE,4371521,NEM,2,ABSOLUTE,EQUITY,NEM0,False,EUR,Nemetschek SE,NEM,NEM.F,FRA:NEM,DE0006452907,0,1,0,0,0
61,PSM,DE000PSM7770,STOCK,PROSIEBENSAT.1 MEDIA AG,2795716,PSM,2,ABSOLUTE,EQUITY,DE70,False,EUR,ProSiebenSat.1 Media SE,PSM,PSM.F,FRA:PSM,DE000PSM7770,0,1,0,0,0
62,RHM,DE0007030009,STOCK,RHEINMETALL,1669,RHM,2,ABSOLUTE,EQUITY,RHM0,False,EUR,Rheinmetall AG,RHM,RHM.F,FRA:RHM,DE0007030009,0,1,0,0,0
63,RGS,LU0061462528,STOCK,RTL GROUP,2016299,RRTL,2,ABSOLUTE,EQUITY,AUO0,False,EUR,RTL Group SA,RRTL,RRTL.F,FRA:RRTL,LU0061462528,0,1,0,0,0
64,G24,DE000A12DM80,STOCK,SCOUT24 AG NAMENS-AKTIEN O.N.,10686089,G24,2,ABSOLUTE,EQUITY,G241,False,EUR,Scout24 AG,G24,G24.F,FRA:G24,DE000A12DM80,0,1,0,0,0
65,WAF,DE000WAF3001,STOCK,SILTRONIC AG NAMENS-AKTIEN O.N,14575948,WAF,2,ABSOLUTE,EQUITY,WAF1,False,EUR,Siltronic AG,WAF,WAF.F,FRA:WAF,DE000WAF3001,0,1,0,0,0
66,SOW,DE000A2GS401,STOCK,"SOFTWARE AG, INHABER AKTIEN O.N.",18601103,SOW,2,ABSOLUTE,EQUITY,DE01,False,EUR,Software AG,SOW,SOW.F,FRA:SOW,DE000A2GS401,0,1,0,0,0
67,TAG,DE0008303504,STOCK,TAG IMMOBILIEN AG INHABER-AKTIEN O.N.,743,TEG,2,ABSOLUTE,EQUITY,TEG0,False,EUR,TAG Immobilien AG,TEG,TEG.F,FRA:TEG,DE0008303504,0,1,0,0,0
68,O2D,DE000A1J5RX9,STOCK,TELEFONICA DTLD HLDG AG,1109,O2D,2,ABSOLUTE,EQUITY,O2D0,False,EUR,Telefónica Deutschland Holding AG,O2D,O2D.F,FRA:O2D,DE000A1J5RX9,0,1,0,0,0
69,UTDI,DE0005089031,STOCK,"UNITED INTERNET AG, NAMENSAKTIE O.N.",2013,UTDI,2,ABSOLUTE,EQUITY,EIE3,False,EUR,United Internet AG,UTDI,UTDI.F,FRA:UTDI,DE0005089031,0,1,0,0,0
70,WCH,DE000WCH8881,STOCK,"WACKER CHEMIE AG, INHABER-AKTIEN O.N.",2031,WCH,2,ABSOLUTE,EQUITY,WCH0,False,EUR,Wacker Chemie AG,WCH,WCH.F,FRA:WCH,DE000WCH8881,0,1,0,0,0
71,AIX,DE000A0WMPJ6,STOCK,AIXTRON SE,2007,AIXA,2,ABSOLUTE,EQUITY,AIXA,False,EUR,AIXTRON SE,AIXA,AIXA.F,FRA:AIXA,DE000A0WMPJ6,0,1,0,0,0
72,AFX,DE0005313704,STOCK,CARL-ZEISS MEDITEC AG INHABER-AKTIEN O.N.,1609,AFX,2,ABSOLUTE,EQUITY,AFX0,False,EUR,Carl Zeiss Meditec AG,AFX,AFX.F,FRA:AFX,DE0005313704,0,1,0,0,0
73,HFG,DE000A161408,STOCK,HELLOFRESH SE                 INHABER-AKTIEN O.N.,31821369,HFG,2,ABSOLUTE,EQUITY,HFG0,False,EUR,HelloFresh SE,HFG,HFG.F,FRA:HFG,DE000A161408,0,1,0,0,0
74,JUN3,DE0006219934,STOCK,"JUNGHEINRICH AG , INHABER-VORZUGSAKT.O.ST.O.N.",1081,JUN3,2,ABSOLUTE,EQUITY,JUN3,False,EUR,JUNGHEINRICH AG,JUN3,JUN3.F,FRA:JUN3,DE0006219934,0,1,0,0,0
75,RAA,DE0007010803,STOCK,RATIONAL AG INHABER-AKTIEN O.N.,2165,RAA,2,ABSOLUTE,EQUITY,RAA0,False,EUR,RATIONAL AG,RAA,RAA.F,FRA:RAA,DE0007010803,0,1,0,0,0
76,SIX2,DE0007231326,STOCK,SIXT SE INHABER-STAMMAKTIEN O.N.,2109,SIX2,2,ABSOLUTE,EQUITY,SIX2,False,EUR,Sixt SE,SIX2,SIX2.F,FRA:SIX2,DE0007231326,0,1,0,0,0
77,TLX,DE000TLX1005,STOCK,TALANX AG,2127,TLX,2,ABSOLUTE,EQUITY,TLX0,False,EUR,Talanx,TLX,TLX.F,FRA:TLX,DE000TLX1005,0,1,0,0,0
78,ZO1,DE0005111702,STOCK,ZOOPLUS AG INHABER-AKTIEN O.N.,4883541,ZO1,2,ABSOLUTE,EQUITY,DE0X,False,EUR,zooplus AG,ZO1,ZO1.F,FRA:ZO1,DE0005111702,0,1,0,0,0
79,KBX,DE000KBX1006,STOCK,KNORR-BREMSE AG,27785693,KBX,2,ABSOLUTE,EQUITY,KBX0,False,EUR,Knorr-Bremse Aktiengesellschaft,KBX,KBX.F,FRA:KBX,DE000KBX1006,0,1,0,0,0
80,VAR,DE000A0TGJ55,STOCK,VARTA,31766248,VAR1,2,ABSOLUTE,EQUITY,VAR1,False,EUR,VARTA AG,VAR1,VAR1.F,FRA:VAR1,DE000A0TGJ55,0,1,0,0,0
81,AYO,ES0105200416,STOCK,ABENGOA S.A. ACCIONES PORT. EO 1,2175,,2,ABSOLUTE,EQUITY,AYO0,False,EUR,Abengoa S.A.,AGOAF,AGOAF,OTCMKTS:AGOAF,ES0105200416,0,1,0,0,0
82,REL,GB00B2B0DG97,STOCK,"RELX PLC, REGISTERED SHARES LS-,125",19,RDEB,2,ABSOLUTE,EQUITY,RDEB,False,EUR,RELX PLC,REL,RDED.F,FRA:RDED,GB00B2B0DG97,0,0,1,0,1
83,UNI,GB00B10RZP78,STOCK,UNILEVER PLC,1823,UNVB,2,ABSOLUTE,EQUITY,UNVB,False,EUR,Unilever PLC,ULVR,UNVB.F,FRA:UNVB,GB00B10RZP78,0,0,1,0,1
84,ISPA,LU1598757687,STOCK,ARCELORMITTAL,16539433,ARRD,2,ABSOLUTE,EQUITY,ARR0,False,EUR,ArcelorMittal,MT,ARRD.F,FRA:ARRD,LU1598757687,0,0,1,1,0
85,UBL,FR0013326246,STOCK,UNIBAIL-RODAMCO-WESTFIELD,22604587,1BR1,2,ABSOLUTE,EQUITY,UBL1,False,EUR,Unibail-Rodamco-Westfield,URW,1BR1.F,FRA:1BR1,FR0013326246,0,0,1,1,0
86,INN,NL0011821202,STOCK,ING GROEP NV,13134563,INN1,2,ABSOLUTE,EQUITY,INN1,False,EUR,ING Groep N.V.,INGA,INN1.F,FRA:INN1,NL0011821202,0,0,1,0,0
87,ADY,NL0012969182,STOCK,ADYEN NV,23978591,1N8,2,ABSOLUTE,EQUITY,1N80,False,EUR,Adyen N.V.,ADYEN,1N8.F,FRA:1N8,NL0012969182,0,0,1,0,0
88,AEN,NL0000303709,STOCK,AEGON NV,149,AEND,2,ABSOLUTE,EQUITY,AEND,False,EUR,Aegon N.V.,AGN,AENF.F,FRA:AENF,NL0000303709,0,0,1,0,0
89,AKU,NL0013267909,STOCK,AKZO NOBEL N.V.,27682305,AKU1,2,ABSOLUTE,EQUITY,AKU0,False,EUR,Akzo Nobel N.V.,AKZA,AKUP.F,FRA:AKUP,NL0013267909,0,0,1,0,0
90,ASM,NL0010273215,STOCK,ASML HOLDING,217,ASME,2,ABSOLUTE,EQUITY,ASM1,False,EUR,ASML Holding N.V.,ASML,ASME.F,FRA:ASME,NL0010273215,0,0,1,0,0
91,HNK,NL0000009165,STOCK,HEINEKEN N.V.,2849,HNK1,2,ABSOLUTE,EQUITY,HNK1,False,EUR,Heineken N.V.,HEIA,4H5.F,FRA:4H5,NL0000009165,0,0,1,0,0
92,IMCD,NL0010801007,STOCK,IMCD N.V.,27785691,INX,2,ABSOLUTE,EQUITY,INX0,False,EUR,IMCD N.V.,IMCD,INX.F,FRA:INX,NL0010801007,0,0,1,0,0
93,KPN,NL0000009082,STOCK,KON. KPN N.V.,2961,KPN,2,ABSOLUTE,EQUITY,KPN0,False,EUR,Koninklijke KPN N.V.,KPN,KPN.F,FRA:KPN,NL0000009082,0,0,1,0,0
94,NNG,NL0010773842,STOCK,NN GROUP N.V.,5432636,2NN,2,ABSOLUTE,EQUITY,2NN0,False,EUR,NN Group N.V.,NN,2NN.F,FRA:2NN,NL0010773842,0,0,1,0,0
95,PHI1,NL0000009538,STOCK,KONINKLIJKE PHILIPS NV,2067,PHI1,2,ABSOLUTE,EQUITY,PHI0,False,EUR,Koninklijke Philips N.V.,PHIA,PHIA.F,FRA:PHIA,NL0000009538,0,0,1,0,0
96,RSH,NL0000379121,STOCK,RANDSTAD NV,2871,RSH,2,ABSOLUTE,EQUITY,RSH0,False,EUR,Randstad N.V.,RAND,RSH.F,FRA:RSH,NL0000379121,0,0,1,0,0
97,WOS,NL0000395903,STOCK,WOLTERS KLUWER N.V.,541,WOSB,2,ABSOLUTE,EQUITY,WOSB,False,EUR,Wolters Kluwer N.V.,WKL,WOSB.F,FRA:WOSB,NL0000395903,0,0,1,0,0
98,TKW,NL0012015705,STOCK,Just Eat Takeaway.com N.V.,31822038,T5W,2,ABSOLUTE,EQUITY,T5W0,False,EUR,Just Eat Takeaway.com NV,JET,GRUB,NASDAQ:GRUB,NL0012015705,0,0,1,0,0
99,PRX,NL0013654783,STOCK,PROSUS NV,33406222,1TY,2,ABSOLUTE,EQUITY,1TY0,False,EUR,Prosus N.V.,PRX,PROSY,OTCMKTS:PROSY,NL0013654783,0,0,1,0,0
100,ASI,NL0000334118,STOCK,ASM INTERNATIONAL N.V. BEARER,8083295,AVS,2,ABSOLUTE,EQUITY,AVS0,False,EUR,ASM International N.V.,ASM,AVSN.F,FRA:AVSN,NL0000334118,0,0,1,0,0
101,BSI,NL0012866412,STOCK,BE SEMICONDUCTOR IND NV,22607174,BSI,2,ABSOLUTE,EQUITY,BSIB,False,EUR,BE Semiconductor Industries N.V.,BESI,BESI.AS,AMS:BESI,NL0012866412,0,0,1,0,0
102,LIG,NL0011821392,STOCK,SIGNIFY NV,22607178,G14,2,ABSOLUTE,EQUITY,G140,False,EUR,Signify N.V.,LIGHT,LIGHT.AS,AMS:LIGHT,NL0011821392,0,0,1,0,0
103,UMG,NL0015000IY2,STOCK,UNIVERSAL MUSIC GROUP,47641942,0VD,2,ABSOLUTE,EQUITY,UNI0,False,EUR,Universal Music Group N.V.,UMG,UMGNF,OTCMKTS:UMGNF,NL0015000IY2,0,0,1,0,0
104,ROY,GB00BP6MXD84,STOCK,SHELL PLC,50650534,R6C0,2,ABSOLUTE,EQUITY,RDS0,False,EUR,Shell plc,SHELL,SHEL,NYSE:SHEL,GB00BP6MXD84,0,0,1,0,0
105,AIR,FR0000120073,STOCK,AIR LIQUIDE,1789,AIL,2,ABSOLUTE,EQUITY,AIR0,False,EUR,Air Liquide SA,AI,AIL.F,FRA:AIL,FR0000120073,0,0,0,1,0
106,AXA,FR0000120628,STOCK,AXA,1743,AXA,2,ABSOLUTE,EQUITY,AXA0,False,EUR,AXA SA,CS,AXAA.F,FRA:AXAA,FR0000120628,0,0,0,1,0
107,BNP,FR0000131104,STOCK,BNP PARIBAS,2203,BNP,2,ABSOLUTE,EQUITY,BNP0,False,EUR,BNP Paribas SA,BNP,BNP.F,FRA:BNP,FR0000131104,0,0,0,1,0
108,BYG,FR0000120503,STOCK,BOUYGUES,2113,BYG,2,ABSOLUTE,EQUITY,BYG0,False,EUR,Bouygues SA,EN,BYG.F,FRA:BYG,FR0000120503,0,0,0,1,0
109,CGM,FR0000125338,STOCK,CAPGEMINI SA,1771,CGM,2,ABSOLUTE,EQUITY,CGM0,False,EUR,Capgemini SE,CAP,CGM.F,FRA:CGM,FR0000125338,0,0,0,1,0
110,CAR,FR0000120172,STOCK,CARREFOUR,303,CAR,2,ABSOLUTE,EQUITY,CAR0,False,EUR,Carrefour SA,CA,CAR.F,FRA:CAR,FR0000120172,0,0,0,1,0
111,XCA,FR0000045072,STOCK,CREDIT AGRICOLE,2241,XCA,2,ABSOLUTE,EQUITY,XCA0,False,EUR,Crédit Agricole SA,ACA,XCA.F,FRA:XCA,FR0000045072,0,0,0,1,0
112,BSN,FR0000120644,STOCK,DANONE,1917,BSN,2,ABSOLUTE,EQUITY,BSN0,False,EUR,Danone SA,BN,BSN.F,FRA:BSN,FR0000120644,0,0,0,1,0
113,GZF,FR0010208488,STOCK,ENGIE,1567,GZF,2,ABSOLUTE,EQUITY,GZF0,False,EUR,Engie SA,ENGI,GZF.F,FRA:GZF,FR0010208488,0,0,0,1,0
114,ESL,FR0000121667,STOCK,ESSILORLUXOTTICA,2841,ESL,2,ABSOLUTE,EQUITY,ESL0,False,EUR,EssilorLuxottica SA,EL,ESL.F,FRA:ESL,FR0000121667,0,0,0,1,0
115,HMI,FR0000052292,STOCK,HERMES INTERNATIONAL,2919,HMI,2,ABSOLUTE,EQUITY,HMI0,False,EUR,Hermès International SCA,RMS,HMI.F,FRA:HMI,FR0000052292,0,0,0,1,0
116,PPX,FR0000121485,STOCK,KERING,613,PPX,2,ABSOLUTE,EQUITY,PPX0,False,EUR,Kering SA,KER,PPX.F,FRA:PPX,FR0000121485,0,0,0,1,0
117,LOR,FR0000120321,STOCK,L'OREAL,2617,LOR,2,ABSOLUTE,EQUITY,LOR0,False,EUR,L'Oréal SA,OR,LOR.F,FRA:LOR,FR0000120321,0,0,0,1,0
118,LRC,FR0010307819,STOCK,LEGRAND S.A.,1819,LRC,2,ABSOLUTE,EQUITY,LRC0,False,EUR,Legrand SA,LR,LRC.F,FRA:LRC,FR0010307819,0,0,0,1,0
119,FTE,FR0000133308,STOCK,ORANGE,1711,FTE,2,ABSOLUTE,EQUITY,FTE0,False,EUR,Orange Belgium SA,ORA,MOS.F,FRA:MOS,FR0000133308,0,0,0,1,0
120,PER,FR0000120693,STOCK,PERNOD-RICARD,2971,PER,2,ABSOLUTE,EQUITY,PER0,False,EUR,Pernod Ricard SA,RI,PER.F,FRA:PER,FR0000120693,0,0,0,1,0
121,PU4,FR0000130577,STOCK,PUBLICIS GROUPE,769,PU4,2,ABSOLUTE,EQUITY,PU40,False,EUR,Publicis Groupe SA,PUB,PU4.F,FRA:PU4,FR0000130577,0,0,0,1,0
122,RNL,FR0000131906,STOCK,RENAULT,1111,RNL,2,ABSOLUTE,EQUITY,RNL0,False,EUR,Renault SA,RNO,RNL.F,FRA:RNL,FR0000131906,0,0,0,1,0
123,SEJ,FR0000073272,STOCK,SAFRAN,2451,SEJ1,2,ABSOLUTE,EQUITY,SEJ1,False,EUR,Safran SA,SAF,SEJ1.F,FRA:SEJ1,FR0000073272,0,0,0,1,0
124,GOB,FR0000125007,STOCK,SAINT-GOBAIN,1515,GOB,2,ABSOLUTE,EQUITY,GOB0,False,EUR,Compagnie de Saint-Gobain SA,SGO,GOB.F,FRA:GOB,FR0000125007,0,0,0,1,0
125,SNW,FR0000120578,STOCK,Sanofi SA,765,SNW,2,ABSOLUTE,EQUITY,SNW0,False,EUR,Sanofi,SAN,SNW.F,FRA:SNW,FR0000120578,0,0,0,1,0
126,SND,FR0000121972,STOCK,SCHNEIDER ELECTRIC SE,203,SND,2,ABSOLUTE,EQUITY,SND0,False,EUR,Schneider Electric S.E.,SU,SND.F,FRA:SND,FR0000121972,0,0,0,1,0
127,SGM,NL0000226223,STOCK,STMICROELECTRONICS N.V.,515,SGM,2,ABSOLUTE,EQUITY,SGM0,False,EUR,STMicroelectronics N.V.,STM,SGM.F,FRA:SGM,NL0000226223,0,0,0,1,0
128,TOTB,FR0000120271,STOCK,TOTALENERGIES SE,5,TOTB,2,ABSOLUTE,EQUITY,TOT0,False,EUR,TOTAL SA,FP,TOTB.F,FRA:TOTB,FR0000120271,0,0,0,1,0
129,VVD,FR0000124141,STOCK,VEOLIA ENVIRONNEMENT,2587,VVD,2,ABSOLUTE,EQUITY,VVD0,False,EUR,Veolia Environnement SA,VIE,VVD.F,FRA:VVD,FR0000124141,0,0,0,1,0
130,SQU,FR0000125486,STOCK,VINCI,1127,SQU,2,ABSOLUTE,EQUITY,SQU0,False,EUR,VINCI SA,DG,SQU.F,FRA:SQU,FR0000125486,0,0,0,1,0
131,VVU,FR0000127771,STOCK,VIVENDI SE,2101,VVU,2,ABSOLUTE,EQUITY,VVU0,False,EUR,Vivendi SA,VIV,VVU.F,FRA:VVU,FR0000127771,0,0,0,1,0
132,WNL,FR0011981968,STOCK,Worldline SA,31823064,WO6,2,ABSOLUTE,EQUITY,WO60,False,EUR,Worldline SA,WLN,WO6.F,FRA:WO6,FR0011981968,0,0,0,1,0
133,AOM,FR0010220475,STOCK,ALSTOM,1595,AOMD,2,ABSOLUTE,EQUITY,AOMD,False,EUR,General Electric Company,GE,GEC.F,FRA:GEC,FR0010220475,0,0,0,1,0
134,ESF,FR0014000MR3,STOCK,EUROFINS SCIENTIFIC GROUP S.A.,42116648,ESF0,2,ABSOLUTE,EQUITY,A2QJC,False,EUR,Eurofins Scientific SE,ESF0,ESF0.F,FRA:ESF0,FR0014000MR3,0,0,0,1,0
135,CSF,FR0000121329,STOCK,THALES,2641,CSF,2,ABSOLUTE,EQUITY,CSF0,False,EUR,Thales S.A.,HO,THLLY,OTCMKTS:THLLY,FR0000121329,0,0,0,1,0
136,MOH,FR0000121014,STOCK,LVMH SE,2261,MOH,2,ABSOLUTE,EQUITY,MOH0,False,EUR,"LVMH Moët Hennessy - Louis Vuitton, Société Européenne",MC,MOH.F,FRA:MOH,FR0000121014,0,0,0,1,0
137,SGE,FR0000130809,STOCK,SOCIETE GENERALE,915,SGE,2,ABSOLUTE,EQUITY,SGE0,False,EUR,Société Générale SA,GLE,SGE.F,FRA:SGE,FR0000130809,0,0,0,1,0
138,FIA5,NL00150001Q9,STOCK,STELLANTIS N.V.,43203231,8TI,2,ABSOLUTE,EQUITY,STA0,False,EUR,Stellantis N.V.,STLA,STLA,NYSE:STLA,NL00150001Q9,0,0,0,1,0
139,RCF,FR0000051807,STOCK,TELEPERFORMANCE S.A.,2105,RCF,2,ABSOLUTE,EQUITY,RCF0,False,EUR,Teleperformance,TEP,RCF.F,FRA:RCF,FR0000051807,0,0,0,1,0
140,III,GB00B1YW4409,STOCK,"3I GROUP PLC, REGISTERED SHARES LS -,738636",1493,,2,ABSOLUTE,EQUITY,IGQ5,False,EUR,3i Group PLC,III,IGQ5.F,FRA:IGQ5,GB00B1YW4409,0,0,0,0,1
141,FLN,GB00B02J6398,STOCK,ADMIRAL GRP,2627,FLN,2,ABSOLUTE,EQUITY,FLN0,False,EUR,Admiral Group PLC,ADM,FLN.F,FRA:FLN,GB00B02J6398,0,0,0,0,1
142,AHAD,GB00B1XZS820,STOCK,"ANGLO AMERICAN PLC, REGISTERED SHARES DL-,50",839,NGLB,2,ABSOLUTE,EQUITY,NGLB,False,EUR,Anglo American PLC,AAL,NGLD.F,FRA:NGLD,GB00B1XZS820,0,0,0,0,1
143,ANTO,GB0000456144,STOCK,"ANTOFAGASTA PLC , REGISTERED SHARES LS -,05",2049,FG1,2,ABSOLUTE,EQUITY,FG10,False,EUR,Antofagasta PLC,ANTO,FG1.F,FRA:FG1,GB0000456144,0,0,0,0,1
144,AHT,GB0000536739,STOCK,Ashtead Group PLC,31820538,0LC,2,ABSOLUTE,EQUITY,GB0K,False,EUR,Ashtead Group PLC,AHT,AHT.F,FRA:AHT,GB0000536739,0,0,0,0,1
145,ABF,GB0006731235,STOCK,"ASSOCIATED BRITISH FOODS PLC , REGISTERED SHARES LS -,0568",9,AFO1,2,ABSOLUTE,EQUITY,AFO1,False,EUR,Associated British Foods PLC,ABF,ABF.F,FRA:ABF,GB0006731235,0,0,0,0,1
146,AZN,GB0009895292,STOCK,"ASTRAZENECA PLC, REGISTERED SHARES DL,-25",2189,ZEG,2,ABSOLUTE,EQUITY,ZEG0,False,EUR,AstraZeneca PLC,AZN,ZEG.F,FRA:ZEG,GB0009895292,0,0,0,0,1
147,AUO,GB00BVYVFW23,STOCK,Auto Trader Group PLC,31825622,2UA,2,ABSOLUTE,EQUITY,2UA0,False,EUR,Auto Trader Group PLC,AUTO,AUTO.F,FRA:AUTO,GB00BVYVFW23,0,0,0,0,1
148,BARC,GB0031348658,STOCK,"BARCLAYS PLC , REGISTERED SHARES, LS,-25",157,BCY,2,ABSOLUTE,EQUITY,BCY0,False,EUR,Barclays PLC,BARC,BCY2.F,FRA:BCY2,GB0031348658,0,0,0,0,1
149,BDEV,GB0000811801,STOCK,"BARRATT DEVELOPMENTS PLC , REGISTERED SHARES LS -,10",2413,3BA,2,ABSOLUTE,EQUITY,3BA0,False,EUR,Barratt Developments PLC,BDEV,BDEV.F,FRA:BDEV,GB0000811801,0,0,0,0,1
150,BP,GB0007980591,STOCK,"BP PLC. REGISTERED SHARES DL -,25",1331,BPE5,2,ABSOLUTE,EQUITY,BPE5,False,EUR,BP PLC,BP.,BSU,FRA:BSU,GB0007980591,0,0,0,0,1
151,BATS,GB0002875804,STOCK,"BRITISH AMERICAN TOBACO PLC REG SHARES LS 0,25",863,BMT,2,ABSOLUTE,EQUITY,BMT0,False,EUR,British American Tobacco p.l.c.,BATS,BATS.F,FRA:BATS,GB0002875804,0,0,0,0,1
152,BLND,GB0001367019,STOCK,"BRITISH LAND CO. PLC,THE, REGISTERED SHARES LS-,25",2881,,2,ABSOLUTE,EQUITY,BLD0,False,EUR,British Land Company PLC,BLND,BLDA.F,FRA:BLDA,GB0001367019,0,0,0,0,1
153,BNZL,GB00B0744B38,STOCK,"BUNZL PLC , REGISTERED SHARES LS -,3214857",1189,BUZ1,2,ABSOLUTE,EQUITY,BUZ1,False,EUR,Bunzl PLC,BNZL,BUZ1.F,FRA:BUZ1,GB00B0744B38,0,0,0,0,1
154,BRBY,GB0031743007,STOCK,"BURBERRY GROUP PLC , REGISTERED SHARES LS-,0005",895,BB2,2,ABSOLUTE,EQUITY,BB20,False,EUR,Burberry Group PLC,BRBY,BB2.F,FRA:BB2,GB0031743007,0,0,0,0,1
155,CNA,GB00B033F229,STOCK,"CENTRICA PLC, REG. SHARES LS-,061728395",2405,CENB,2,ABSOLUTE,EQUITY,CENB,False,EUR,Centrica PLC,CNA,CENB.F,FRA:CENB,GB00B033F229,0,0,0,0,1
156,CPG,GB00BD6K4575,STOCK,"COMPASS GROUP PLC, REGISTERED SHARES LS-,10",17170955,XGR2,2,ABSOLUTE,EQUITY,XGR2,False,EUR,Compass Group PLC,CPG,XGR2.F,FRA:XGR2,GB00BD6K4575,0,0,0,0,1
157,CRG,IE0001827041,STOCK,CRH,2171,CRG,2,ABSOLUTE,EQUITY,CRG0,False,EUR,CRH PLC,CRH,CRG.F,FRA:CRG,IE0001827041,0,0,0,0,1
158,6CM,GB00BJFFLV09,STOCK,CRODA INTERNATIONAL,29818637,6CMB,2,ABSOLUTE,EQUITY,6CMB,False,EUR,Croda International PLC,CRDA,6CMB.F,FRA:6CMB,GB00BJFFLV09,0,0,0,0,1
159,DGE,GB0002374006,STOCK,"DIAGEO PLC , REG. SHARES LS -,28935185",989,GUI,2,ABSOLUTE,EQUITY,GUI0,False,EUR,Diageo PLC,DGE,GUIA.F,FRA:GUIA,GB0002374006,0,0,0,0,1
160,EXPN,GB00B19NLV48,STOCK,EXPERIAN PLC,867,,2,ABSOLUTE,EQUITY,J2B0,False,EUR,Experian PLC,EXPN,J2B.F,FRA:J2B,GB00B19NLV48,0,0,0,0,1
161,8GC,JE00B4T3BW64,STOCK,GLENCORE PLC,1729,8GC,2,ABSOLUTE,EQUITY,8GC0,False,EUR,Glencore PLC,GLEN,8GCA.F,FRA:8GCA,JE00B4T3BW64,0,0,0,0,1
162,HLM,GB0004052071,STOCK,Halma PLC,31821746,H11,2,ABSOLUTE,EQUITY,H110,False,EUR,Halma PLC,HLMA,H11.F,FRA:H11,GB0004052071,0,0,0,0,1
163,HSBA,GB0005405286,STOCK,"HSBC HOLDINGS PLC , REGISTERED SHARES DL -,50",1453,HBC1,2,ABSOLUTE,EQUITY,HBC1,False,EUR,HSBC Holdings PLC,HSBA,HBC1.F,FRA:HBC1,GB0005405286,0,0,0,0,1
164,IMT,GB0004544929,STOCK,"IMPERIAL BRANDS PLC REG. SHARES LS-,10",2733,ITB,2,ABSOLUTE,EQUITY,ITB0,False,EUR,Imperial Brands PLC,IMB,ITBA.F,FRA:ITBA,GB0004544929,0,0,0,0,1
165,INF,GB00BMJ6DW54,STOCK,INFORMA,5085961,IEA,2,ABSOLUTE,EQUITY,IEA0,False,EUR,Informa PLC,INF,IEA.F,FRA:IEA,GB00BMJ6DW54,0,0,0,0,1
166,IHG,GB00BHJYC057,STOCK,"INTERCONTINENTAL HOTELS GROUP , REGISTERED SHARES LS -,13617",27381032,IC1H,2,ABSOLUTE,EQUITY,IC1H,False,EUR,InterContinental Hotels Group PLC,IHG,IC1B.F,FRA:IC1B,GB00BHJYC057,0,0,0,0,1
167,INR,ES0177542018,STOCK,INTERNATIONAL CONSOLIDATED AIRLINE GRP,421,INR,2,ABSOLUTE,EQUITY,ES00,False,EUR,International Consolidated Airlines Group SA,IAG,INR.F,FRA:INR,ES0177542018,0,0,0,0,1
168,IT1,GB0031638363,STOCK,INTERTEK GRP,991,IT1,2,ABSOLUTE,EQUITY,IT10,False,EUR,Intertek Group PLC,ITRK,IT1.F,FRA:IT1,GB0031638363,0,0,0,0,1
169,KGF,GB0033195214,STOCK,"KINGFISHER PLC, REG. SHARES LS-,157142857",1459,KFI1,2,ABSOLUTE,EQUITY,KFI1,False,EUR,Kingfisher PLC,KGF,KFI1.F,FRA:KFI1,GB0033195214,0,0,0,0,1
170,LGEN,GB0005603997,STOCK,"LEGAL & GENERAL GROUP PLC, REG. SHARES LS-,025",2347,LGI,2,ABSOLUTE,EQUITY,LGI0,False,EUR,Legal & General Group PLC,LGEN,LGI.F,FRA:LGEN,GB0005603997,0,0,0,0,1
171,LLOY,GB0008706128,STOCK,LLOYDS BANKING GROUP,917,LLD,2,ABSOLUTE,EQUITY,LLD0,False,EUR,Lloyds Banking Group PLC,LLOY,LLD2.F,FRA:LLD2,GB0008706128,0,0,0,0,1
172,MDI,GB00B1CRLC47,STOCK,MONDI PLC,9788748,KYC,2,ABSOLUTE,EQUITY,KYC0,False,EUR,Mondi PLC,MNDI,KYCA.F,FRA:KYCA,GB00B1CRLC47,0,0,0,0,1
173,NG,GB00BDR05C01,STOCK,"NATIONAL GRID PLC REGISTERED SHARES NEW LS 0,113",16565469,NNGF,2,ABSOLUTE,EQUITY,NNGE,False,EUR,National Grid PLC,NG.,NNGF.F,FRA:NNGF,GB00BDR05C01,0,0,0,0,1
174,OCG,GB00B3MBS747,STOCK,Ocado Group PLC Registered Sha,7439998,0OC,2,ABSOLUTE,EQUITY,0OC0,False,EUR,Ocado Group PLC,OCDO,0OC.F,FRA:0OC,GB00B3MBS747,0,0,0,0,1
175,PLS,IE00BWT6H894,STOCK,FLUTTER ENTERTAINMENT PLC,8204796,PPB,2,ABSOLUTE,EQUITY,PAD,False,EUR,Flutter Entertainment PLC,PPB,PPB.F,FRA:PPB,IE00BWT6H894,0,0,0,0,1
176,PSON,GB0006776081,STOCK,"PEARSON PLC, REGISTERED SHARES LS-,25",1897,PES,2,ABSOLUTE,EQUITY,PES0,False,EUR,Pearson PLC,PSON,PES.F,FRA:PES,GB0006776081,0,0,0,0,1
177,PSN,GB0006825383,STOCK,"PERSIMMON PLC , REGISTERED SHARES LS -,10",205,OHP,2,ABSOLUTE,EQUITY,OHP0,False,EUR,Persimmon PLC,PSN,OHP.F,FRA:OHP,GB0006825383,0,0,0,0,1
178,PRU,GB0007099541,STOCK,PRUDENTIAL,2683,PRU,2,ABSOLUTE,EQUITY,PRU0,False,EUR,Prudential PLC,PRU,PRU.F,FRA:PRU,GB0007099541,0,0,0,0,1
179,RBE,GB00B24CGK77,STOCK,RECKITT BENCKISER,675,3RB,2,ABSOLUTE,EQUITY,3RB0,False,EUR,Reckitt Benckiser Group PLC,RB.,3RB.F,FRA:3RB,GB00B24CGK77,0,0,0,0,1
180,RTO,GB00B082RF11,STOCK,"RENTOKIL INITIAL PLC , REGISTERED SHARES LS 0,01",817,RTO1,2,ABSOLUTE,EQUITY,RTO1,False,EUR,Rentokil Initial PLC,RTO,RTO1.F,FRA:RTO1,GB00B082RF11,0,0,0,0,1
181,SGK,GB00B8C3BL03,STOCK,"SAGE GROUP PLC, THE , REGISTERED SHARES LS -,01",2197609,SGK1,2,ABSOLUTE,EQUITY,SGK1,False,EUR,The Sage Group PLC,SGE,SGK1.F,FRA:SGK1,GB00B8C3BL03,0,0,0,0,1
182,SBRY,GB00B019KW72,STOCK,"SAINSBURY PLC, J., REGISTERED SHARES LS-,28571428",2711,SUY1,2,ABSOLUTE,EQUITY,SUY1,False,EUR,J Sainsbury PLC,SBRY,SUY1.F,FRA:SUY1,GB00B019KW72,0,0,0,0,1
183,SGRO,GB00B5ZN1N88,STOCK,"SEGRO PLC , REGISTERED SHARES LS-,27083333",805,,2,ABSOLUTE,EQUITY,S4VC,False,EUR,SEGRO PLC,SGRO,S4VC.F,FRA:S4VC,GB00B5ZN1N88,0,0,0,0,1
184,SVT,GB00B1FH8J72,STOCK,"SEVERN TRENT PLC , REGISTERED SHARES LS -,9789",969,SVT1,2,ABSOLUTE,EQUITY,SVT1,False,EUR,Severn Trent PLC,SVT,SVT1.F,FRA:SVT1,GB00B1FH8J72,0,0,0,0,1
185,SN,GB0009223206,STOCK,"SMITH & NEPHEW PLC, REGISTERED SHARES DL-,20",599,NPW1,2,ABSOLUTE,EQUITY,NPW1,False,EUR,Smith & Nephew PLC,SN.,NPWA.F,FRA:NPWA,GB0009223206,0,0,0,0,1
186,SMIN,GB00B1WY2338,STOCK,"SMITHS GROUP PLC, REGISTERED SHARES LS -,375",999,QS2A,2,ABSOLUTE,EQUITY,QS2A,False,EUR,Smiths Group PLC,SMIN,QS2A.F,FRA:QS2A,GB00B1WY2338,0,0,0,0,1
187,SK3,IE00B1RR8406,STOCK,SMURFIT KAPPA GROUP PLC,2403,SK3,2,ABSOLUTE,EQUITY,SK30,False,EUR,Smurfit Kappa Group PLC,SKG,SK3.F,FRA:SK3,IE00B1RR8406,0,0,0,0,1
188,SPX,GB00BWFGQN14,STOCK,Spirax-Sarco Engine.,31822478,1LNB,2,ABSOLUTE,EQUITY,1LNB,False,EUR,Spirax-Sarco Engineering PLC,SPX,1LNB.F,FRA:1LNB,GB00BWFGQN14,0,0,0,0,1
189,STJ,GB0007669376,STOCK,St James's Place PLC,31820054,1IV,2,ABSOLUTE,EQUITY,GB1O,False,EUR,St. James's Place PLC,STJ,1IV.F,FRA:1IV,GB0007669376,0,0,0,0,1
190,STAN,GB0004082847,STOCK,"STANDARD CHARTERED PLC REGISTERED SHARES DL 0,50",159,STD,2,ABSOLUTE,EQUITY,STD0,False,EUR,Standard Chartered PLC,STAN,STD.F,FRA:STD,GB0004082847,0,0,0,0,1
191,VOD,GB00BH4HKS39,STOCK,"VODAFONE GROUP PLC , REGISTERED SHARES DL-,11428571",4223554,VODI,2,ABSOLUTE,EQUITY,VODI,False,EUR,Vodafone Group PLC,VOD,VODI.F,FRA:VODI,GB00BH4HKS39,0,0,0,0,1
192,WTB,GB00B1KJJ408,STOCK,"WHITBREAD PLC , REG. SHARES LS -,76797385",1993,WHF4,2,ABSOLUTE,EQUITY,WHF4,False,EUR,Whitbread PLC,WTB,WHF4,FRA:WHF4,GB00B1KJJ408,0,0,0,0,1
193,WPP,JE00B8KF9B49,STOCK,WPP PLC,859,,2,ABSOLUTE,EQUITY,JE07,False,EUR,WPP PLC,WPP,0WP.F,FRA:0WP,JE00B8KF9B49,0,0,0,0,1
194,7MP,GB00BKFB1C65,STOCK,M&G PLC,33782023,7MP,2,ABSOLUTE,EQUITY,MGPR,False,EUR,M&G,MNG,MGPUF,OTCMKTS:MGPUF,GB00BKFB1C65,0,0,0,0,1
195,SSE,GB0007908733,STOCK,SSE PLC,2577,SCT,2,ABSOLUTE,EQUITY,SCT0,False,EUR,SSE plc,SSE,SSE.L,LON:SSE,GB0007908733,0,0,0,0,1
196,HLN,GB00BMX86B70,STOCK,Haleon PLC,54525692,H6D0,2,ABSOLUTE,EQUITY,H6D0,False,GBP,Haleon plc,HLN,HLNCF,OTCMKTS:HLNCF,GB00BMX86B70,0,0,0,0,1
